Etapa,Componente,Rede,Edição,Proficiência Média,Desvio Padrão,Indicação do Padrão de Desempenho,% Não Alfabetizado,% Alfabetização Incompleta,% Intermediário (2º Ano),% Suficiente,% Desejável,% Muito Crítico,% Crítico,% Intermediário,% Adequado,Nº de Alunos Previstos,Nº de Alunos Avaliados,Participação (%)
2º Ano do Ensino Fundamental,Língua Portuguesa,ESTADUAL,2007,126.5,72.6,Suficiente,31.4,12.3,11.8,9.7,34.7,,,,,3223,1191,36.9531492398387
2º Ano do Ensino Fundamental,Língua Portuguesa,MUNICIPAL,2007,119.0,68.9,Intermediário,32.8,14.7,12.7,9.9,29.9,,,,,157665,117396,74.4591380458567
2º Ano do Ensino Fundamental,Língua Portuguesa,ESTADUAL,2008,137.927214037279,64.9997659371912,Suficiente,17.3134328358209,14.3283582089552,15.8208955223881,14.4278606965174,38.1094527363184,,,,,1193,1005,84.2414082145851
2º Ano do Ensino Fundamental,Língua Portuguesa,MUNICIPAL,2008,127.715404153483,60.5035617550082,Suficiente,20.0227790432802,16.1950862349496,17.2835990888383,15.7346241457859,30.7639114871461,,,,,143835,122920,85.4590329196649
2º Ano do Ensino Fundamental,Língua Portuguesa,ESTADUAL,2009,144.766264174686,61.3633859801939,Suficiente,13.6606189967983,13.8740661686233,14.7278548559232,13.8740661686233,43.863393810032,,,,,1116,937,83.9605734767025
2º Ano do Ensino Fundamental,Língua Portuguesa,MUNICIPAL,2009,142.538845704847,62.590270089974,Suficiente,14.3546022683435,13.9564848391328,15.7348969986884,14.4525885348353,41.5014273590001,,,,,140731,129610,92.0976899190654
2º Ano do Ensino Fundamental,Língua Portuguesa,ESTADUAL,2010,145.261161242604,58.1843858517122,Suficiente,11.3905325443787,13.0177514792899,13.3136094674556,16.5680473372781,45.7100591715976,,,,,697,676,96.987087517934
2º Ano do Ensino Fundamental,Língua Portuguesa,MUNICIPAL,2010,162.731630857973,61.4091008352552,Desejável,6.91904842848239,9.3910622212509,12.9639073035299,15.7847874829007,54.9411945638361,,,,,125536,124226,98.9564746367576
2º Ano do Ensino Fundamental,Língua Portuguesa,ESTADUAL,2011,161.4,47.6,Desejável,3.9,6.1,13.7,18.2,58.1,,,,,759,717,94.5
2º Ano do Ensino Fundamental,Língua Portuguesa,MUNICIPAL,2011,177.1,57.0,Desejável,3.1,5.7,9.7,15.4,66.1,,,,,113024,111977,99.1
2º Ano do Ensino Fundamental,Língua Portuguesa,ESTADUAL,2012,148.8511107017567,42.22896665557517,Suficiente,3.783783783783784,7.837837837837838,19.5945945945946,20.27027027027027,48.51351351351352,,,,,865,740,85.54913294797687
2º Ano do Ensino Fundamental,Língua Portuguesa,MUNICIPAL,2012,162.1393990397814,48.74433130648711,Desejável,2.068602816572196,6.627515144432108,14.58832466545901,18.93102709441166,57.78453027912503,,,,,108808,102678,94.36622307183296
2º Ano do Ensino Fundamental,Língua Portuguesa,ESTADUAL,2013,151.6723793503399,41.51154737755331,Desejável,1.579778830963665,7.898894154818326,19.74723538704581,21.95892575039494,48.81516587677725,,,,,725,633,87.3103448275862
2º Ano do Ensino Fundamental,Língua Portuguesa,MUNICIPAL,2013,165.2173523183994,45.64939562551859,Desejável,1.312317382644653,4.841824303147337,12.28604070408153,20.32676500621784,61.23305260390865,,,,,98431,98909,100.4856193678821
2º Ano do Ensino Fundamental,Língua Portuguesa,ESTADUAL,2014,157.3873628260074,40.92279329284548,Desejável,0.6230529595015576,5.919003115264798,15.88785046728972,22.89719626168224,54.67289719626168,,,,,666,642,96.3963963963964
2º Ano do Ensino Fundamental,Língua Portuguesa,MUNICIPAL,2014,174.4616105770402,49.16247388786688,Desejável,0.6163995258465186,4.216873679327939,10.5560995722311,17.70138638354894,66.90924083904551,,,,,95601,97015,101.4790640265269
2º Ano do Ensino Fundamental,Língua Portuguesa,ESTADUAL,2015,159.9890767477705,46.20379477229876,Desejável,2.177554438860972,8.877721943048575,15.07537688442211,15.2428810720268,58.62646566164154,,,,,641,597,93.13572542901716
2º Ano do Ensino Fundamental,Língua Portuguesa,MUNICIPAL,2015,181.377005973276,51.43923057871594,Desejável,0.4843180456700748,3.646092457025658,9.80718658936531,15.31541593477444,70.74698697316451,,,,,96618,98489,101.936492165021
2º Ano do Ensino Fundamental,Língua Portuguesa,ESTADUAL,2016,166.6483380124535,49.77500838671941,Desejável,0.8503401360544218,9.183673469387756,12.41496598639456,14.45578231292517,63.09523809523809,,,,,657,588,89.49771689497716
2º Ano do Ensino Fundamental,Língua Portuguesa,MUNICIPAL,2016,186.9346159406757,53.45909989019948,Desejável,0.7013192499305096,3.988753233979773,8.229810344458937,12.17580020954051,74.90431696209028,,,,,92282,93538,101.361045490995
2º Ano do Ensino Fundamental,Língua Portuguesa,ESTADUAL,2017,185.416434305675,55.5025823157614,Desejável,0.9360374414976602,6.08424336973479,10.2964118564743,10.1404056162246,72.5429017160686,,,,,630,641,101.746031746032
2º Ano do Ensino Fundamental,Língua Portuguesa,MUNICIPAL,2017,194.988594846963,55.0084329943179,Desejável,0.7075260136347331,3.26179583781844,6.79494079655544,10.666711517761,78.5690258342304,,,,,87097,89184,102.396178972869
2º Ano do Ensino Fundamental,Língua Portuguesa,ESTADUAL,2018,179.303956017275,54.9476925600498,Desejável,1.1437908496732,5.88235294117647,11.6013071895425,11.9281045751634,69.4444444444444,,,,,594,612,103.030303030303
2º Ano do Ensino Fundamental,Língua Portuguesa,MUNICIPAL,2018,195.112713566397,54.4764722505374,Desejável,0.652144066633106,2.91062193949934,6.80174820374354,10.7615212118439,78.8739645782802,,,,,85497,87404,102.230487619449
2º Ano do Ensino Fundamental,Língua Portuguesa,ESTADUAL,2019,191.213694228892,55.8353558529127,Desejável,1.34357005758157,3.83877159309021,9.21305182341651,9.59692898272553,76.0076775431862,,,,,593,521,87.858347386172
2º Ano do Ensino Fundamental,Língua Portuguesa,MUNICIPAL,2019,210.451001449457,55.4704579220757,Desejável,0.532061595035624,2.04435761893818,4.69662146632958,8.00390714778212,84.7230521719145,,,,,85128,87020,102.222535475989
2º Ano do Ensino Fundamental,Língua Portuguesa,ESTADUAL,SPAECE DIAGNÓSTICO,155.0,,Desejável,9.0,12.0,13.0,13.0,53.0,,,,,661,518,78.0
2º Ano do Ensino Fundamental,Língua Portuguesa,MUNICIPAL,SPAECE DIAGNÓSTICO,116.0,,Intermediário,14.0,26.0,28.0,16.0,17.0,,,,,101854,90479,89.0
2º Ano do Ensino Fundamental,Língua Portuguesa,ESTADUAL,SPAECE FINAL (2022),189.794073161127,58.6182276404284,Desejável,1.74825174825175,6.46853146853147,8.21678321678322,9.44055944055944,74.1258741258741,,,,,633,572,90.3633491311216
2º Ano do Ensino Fundamental,Língua Portuguesa,MUNICIPAL,SPAECE FINAL (2022),191.857278246376,60.595384578906,Desejável,1.46138009749645,4.70628393441923,9.20776131502875,12.4217308287199,72.2028438243357,,,,,92492,93747,101.356874108031
5º Ano do Ensino Fundamental,Língua Portuguesa,ESTADUAL,2008,178.690164749578,39.4487784004147,Intermediário,,,,,,8.25608967449882,39.663720629446,40.7415391248114,11.3386505712438,5701,4639,81.3716891773373
5º Ano do Ensino Fundamental,Língua Portuguesa,MUNICIPAL,2008,167.755721186729,37.1461304187737,Crítico,,,,,,12.4144948418387,47.4521133978506,33.3761632786447,6.75722848166606,155436,134641,86.6215033840294
5º Ano do Ensino Fundamental,Língua Portuguesa,ESTADUAL,2009,180.572495257838,41.6119871302078,Intermediário,,,,,,9.0689238210399,36.6082224909311,40.2962515114873,14.0266021765417,3982,3308,83.073832245103
5º Ano do Ensino Fundamental,Língua Portuguesa,MUNICIPAL,2009,171.414857056684,40.9745167604375,Crítico,,,,,,13.1216193943753,42.129275857419,34.7552478985931,9.99385684961268,146466,133482,91.1351439924624
5º Ano do Ensino Fundamental,Língua Portuguesa,ESTADUAL,2010,176.648962611555,41.273800468415,Intermediário,,,,,,10.0046970408643,41.3339596054486,36.2611554720526,12.4001878816346,2473,2130,86.1302062272543
5º Ano do Ensino Fundamental,Língua Portuguesa,MUNICIPAL,2010,175.349265732773,42.3669556900466,Intermediário,,,,,,10.9580037622102,42.2765148939706,34.1076838232517,12.6577975205675,135883,132793,97.7259848546176
5º Ano do Ensino Fundamental,Língua Portuguesa,ESTADUAL,2011,187.1,46.8,Intermediário,,,,,,8.0,35.6,34.9,21.5,2164,1871,86.5
5º Ano do Ensino Fundamental,Língua Portuguesa,MUNICIPAL,2011,189.6,46.5,Intermediário,,,,,,6.4,35.4,35.8,22.4,131495,130267,99.1
5º Ano do Ensino Fundamental,Língua Portuguesa,ESTADUAL,2012,200.360721672882,45.9054634195125,Intermediário,,,,,,3.76134889753567,26.8482490272374,41.5045395590143,27.8858625162127,1775,1542,86.8732394366197
5º Ano do Ensino Fundamental,Língua Portuguesa,MUNICIPAL,2012,200.393582425823,45.3916817048628,Intermediário,,,,,,3.05708558892694,28.7929483436183,39.1234355518379,29.0265305156169,133560,126722,94.8802036537886
5º Ano do Ensino Fundamental,Língua Portuguesa,ESTADUAL,2013,194.628212187183,48.0692477114606,Intermediário,,,,,,5.91715976331361,32.5443786982249,35.7565511411665,25.781910397295,1369,1183,86.4134404674945
5º Ano do Ensino Fundamental,Língua Portuguesa,MUNICIPAL,2013,200.883406406413,47.9067302083475,Intermediário,,,,,,4.90595275382866,26.8599264766489,37.1663836732002,31.0677370963222,122222,121322,99.263635024791
5º Ano do Ensino Fundamental,Língua Portuguesa,ESTADUAL,2014,202.726066478606,49.8691843236452,Intermediário,,,,,,5.6241426611797,25.2400548696845,36.3511659807956,32.7846364883402,785,729,92.8662420382166
5º Ano do Ensino Fundamental,Língua Portuguesa,MUNICIPAL,2014,207.066942470151,49.5203473090685,Intermediário,,,,,,4.3767840152236,23.1714662313742,36.8805593624246,35.5711903909776,113758,114559,100.704126303205
5º Ano do Ensino Fundamental,Língua Portuguesa,ESTADUAL,2015,198.79663931489,45.2975011938663,Intermediário,,,,,,3.19888734353268,30.5980528511822,38.3866481223922,27.8164116828929,834,719,86.2110311750599
5º Ano do Ensino Fundamental,Língua Portuguesa,MUNICIPAL,2015,210.94655239109,46.777467932349,Intermediário,,,,,,2.16697884019806,21.6067355302932,38.9156760565992,37.3106095729095,106688,107846,101.085407918416
5º Ano do Ensino Fundamental,Língua Portuguesa,ESTADUAL,2016,208.533863072135,48.3186746785182,Intermediário,,,,,,2.92307692307692,23.3846153846154,38.9230769230769,34.7692307692308,723,650,89.9031811894882
5º Ano do Ensino Fundamental,Língua Portuguesa,MUNICIPAL,2016,214.377006989756,47.0849679584852,Intermediário,,,,,,2.11233843439574,18.826947416868,39.1698308595098,39.8908832892264,103840,104292,100.435285053929
5º Ano do Ensino Fundamental,Língua Portuguesa,ESTADUAL,2017,205.944590293969,51.3314797568316,Intermediário,,,,,,4.82093663911846,25.7575757575758,34.435261707989,34.9862258953168,729,726,99.5884773662551
5º Ano do Ensino Fundamental,Língua Portuguesa,MUNICIPAL,2017,225.330810206773,52.0740621640971,Adequado,,,,,,2.160139637598,16.255050772925,31.1407273113012,50.4440822781758,101869,103697,101.794461514298
5º Ano do Ensino Fundamental,Língua Portuguesa,ESTADUAL,2018,212.627440407683,54.4542423857536,Intermediário,,,,,,3.90835579514825,24.2587601078167,32.4797843665768,39.3530997304582,763,742,97.2477064220184
5º Ano do Ensino Fundamental,Língua Portuguesa,MUNICIPAL,2018,229.399949840589,51.3903380548806,Adequado,,,,,,1.63274181501896,14.6634774469855,29.9263517154661,53.7774290225294,103753,105773,101.946931654988
5º Ano do Ensino Fundamental,Língua Portuguesa,ESTADUAL,2019,214.45112504402,55.3537176529255,Intermediário,,,,,,4.82529118136439,21.4642262895175,31.4475873544093,42.2628951747088,692,601,86.849710982659
5º Ano do Ensino Fundamental,Língua Portuguesa,MUNICIPAL,2019,234.96661405794,53.6845314015649,Adequado,,,,,,1.7831455286502,13.4779828977863,26.8061216335012,57.9327499400623,98477,100104,101.652162433868
5º Ano do Ensino Fundamental,Língua Portuguesa,ESTADUAL,SPAECE DIAGNÓSTICO,207.0,,Intermediário,,,,,,6.0,27.0,28.0,39.0,613,507,83.0
5º Ano do Ensino Fundamental,Língua Portuguesa,MUNICIPAL,SPAECE DIAGNÓSTICO,191.0,,Intermediário,,,,,,9.0,31.0,36.0,24.0,104583,93314,89.0
5º Ano do Ensino Fundamental,Língua Portuguesa,ESTADUAL,SPAECE FINAL (2022),226.265298286688,56.5257173754328,Adequado,,,,,,3.01318267419962,17.3258003766478,28.8135593220339,50.8474576271186,600,531,88.5
5º Ano do Ensino Fundamental,Língua Portuguesa,MUNICIPAL,SPAECE FINAL (2022),234.733107498176,55.3436006908271,Adequado,,,,,,2.2979930650415,13.966586109068,25.7297467689398,58.0056740569507,93630,95170,101.6447719747944
5º Ano do Ensino Fundamental,Matemática,ESTADUAL,2008,180.492884950625,41.9545399449103,Crítico,,,,,,24.8329381332184,47.3809010562621,20.9743479198103,6.8118128907092,5701,4639,81.3716891773373
5º Ano do Ensino Fundamental,Matemática,MUNICIPAL,2008,169.545880413211,38.3036367227533,Crítico,,,,,,33.6851330575382,46.6930578352805,16.1117341671556,3.5100749400257,155436,134641,86.6215033840294
5º Ano do Ensino Fundamental,Matemática,ESTADUAL,2009,184.903093508888,44.1529985816124,Crítico,,,,,,22.6420798065296,44.0145102781137,24.4558645707376,8.88754534461911,3982,3308,83.073832245103
5º Ano do Ensino Fundamental,Matemática,MUNICIPAL,2009,177.398942228236,43.6775417797612,Crítico,,,,,,28.5192010907838,44.465920498644,20.3405702641555,6.67430814641675,146466,133482,91.1351439924624
5º Ano do Ensino Fundamental,Matemática,ESTADUAL,2010,189.89685068342,41.2681769348981,Crítico,,,,,,16.4866134335369,45.5612963832785,29.0277125410991,8.92437764208549,2473,2130,86.1302062272543
5º Ano do Ensino Fundamental,Matemática,MUNICIPAL,2010,189.284437150026,44.6273805151927,Crítico,,,,,,19.6653446647781,43.9539187913126,26.0955618508026,10.2851746931067,135883,132800,97.7311363452382
5º Ano do Ensino Fundamental,Matemática,ESTADUAL,2011,201.2,45.6,Intermediário,,,,,,13.0,38.0,34.5,14.5,2164,1872,86.5
5º Ano do Ensino Fundamental,Matemática,MUNICIPAL,2011,206.9,48.1,Intermediário,,,,,,11.4,36.1,33.8,18.7,131495,130269,99.1
5º Ano do Ensino Fundamental,Matemática,ESTADUAL,2012,203.729734072368,45.2734162581396,Intermediário,,,,,,12.1919584954604,34.6303501945525,37.8080415045396,15.3696498054475,1775,1542,86.8732394366197
5º Ano do Ensino Fundamental,Matemática,MUNICIPAL,2012,209.623662662914,49.0588168737876,Intermediário,,,,,,11.6201073232323,32.125946969697,35.993529040404,20.2604166666667,133555,126720,94.8822582456666
5º Ano do Ensino Fundamental,Matemática,ESTADUAL,2013,203.506821011485,45.068241714292,Intermediário,,,,,,10.9704641350211,38.6497890295359,33.1645569620253,17.2151898734177,1369,1185,86.5595325054785
5º Ano do Ensino Fundamental,Matemática,MUNICIPAL,2013,210.586148515739,47.719429932106,Intermediário,,,,,,9.79635584137192,33.8189463269849,35.8792975513233,20.5054002803199,122222,121290,99.2374531590057
5º Ano do Ensino Fundamental,Matemática,ESTADUAL,2014,208.519000121348,47.5883600410214,Intermediário,,,,,,10.8367626886145,34.9794238683128,34.4307270233196,19.7530864197531,785,729,92.8662420382166
5º Ano do Ensino Fundamental,Matemática,MUNICIPAL,2014,219.04174029172,51.1541044768213,Intermediário,,,,,,8.65879847059029,28.7934074759502,35.346648742078,27.2011453113815,113758,114554,100.699731007929
5º Ano do Ensino Fundamental,Matemática,ESTADUAL,2015,210.043008434663,48.7020270601086,Intermediário,,,,,,10.4311543810848,36.1613351877608,31.1543810848401,22.2531293463143,834,719,86.2110311750599
5º Ano do Ensino Fundamental,Matemática,MUNICIPAL,2015,227.526772685572,51.1490625841798,Intermediário,,,,,,5.92855685590816,25.3259639816755,36.5756625925033,32.169816569913,106688,107834,101.074160167966
5º Ano do Ensino Fundamental,Matemática,ESTADUAL,2016,213.470987797481,48.559782964341,Intermediário,,,,,,8.30769230769231,35.0769230769231,34.0,22.6153846153846,723,650,89.9031811894882
5º Ano do Ensino Fundamental,Matemática,MUNICIPAL,2016,225.027480976854,48.6408702812992,Intermediário,,,,,,5.34012235582916,27.4993767140364,36.8860633258539,30.2744376042805,103840,104286,100.429506933744
5º Ano do Ensino Fundamental,Matemática,ESTADUAL,2017,209.955356772437,54.7077162008818,Intermediário,,,,,,15.2892561983471,29.8898071625344,30.8539944903581,23.9669421487603,729,726,99.5884773662551
5º Ano do Ensino Fundamental,Matemática,MUNICIPAL,2017,230.909882177249,54.3429816125161,Intermediário,,,,,,6.89219553121112,23.4625881173033,32.8919833746396,36.753232976846,101869,103697,101.794461514298
5º Ano do Ensino Fundamental,Matemática,ESTADUAL,2018,216.993099348715,57.3460268865188,Intermediário,,,,,,12.9380053908356,29.2452830188679,27.6280323450135,30.188679245283,763,742,97.2477064220184
5º Ano do Ensino Fundamental,Matemática,MUNICIPAL,2018,236.996360232662,55.8229243422022,Intermediário,,,,,,5.60980913035669,22.0752701386854,31.0052089734257,41.3097117575322,103753,105779,101.9527146203
5º Ano do Ensino Fundamental,Matemática,ESTADUAL,2019,219.013837492382,53.7583695807553,Intermediário,,,,,,10.3161397670549,29.1181364392679,31.1148086522463,29.4509151414309,692,601,86.849710982659
5º Ano do Ensino Fundamental,Matemática,MUNICIPAL,2019,241.651078804966,55.107784297496,Intermediário,,,,,,4.38148706831963,20.3340559223999,31.0040658122134,44.280391197067,98477,100103,101.651146968328
5º Ano do Ensino Fundamental,Matemática,ESTADUAL,SPAECE DIAGNÓSTICO,209.0,,Intermediário,,,,,,15.0,32.0,28.0,24.0,613,509,83.0
5º Ano do Ensino Fundamental,Matemática,MUNICIPAL,SPAECE DIAGNÓSTICO,190.0,,Crítico,,,,,,21.0,41.0,29.0,9.0,104583,93253,89.0
5º Ano do Ensino Fundamental,Matemática,ESTADUAL,SPAECE FINAL (2022),231.104878154549,56.2855132423767,Intermediário,,,,,,9.41619585687382,20.15065913371,33.7099811676083,36.7231638418079,600,531,88.5
5º Ano do Ensino Fundamental,Matemática,MUNICIPAL,SPAECE FINAL (2022),236.780615101178,57.8824577004641,Intermediário,,,,,,6.81440850723998,21.2449824517159,31.3084504970263,40.6321585440178,93630,95166,101.6404998397949
9º Ano do Ensino Fundamental,Língua Portuguesa,ESTADUAL,2008,222.7374888659889,42.27408676514878,Crítico,,,,,,29.67352485698935,44.74890174141146,21.90512309977561,3.672450301823584,41921,31641,75.4776842155483
9º Ano do Ensino Fundamental,Língua Portuguesa,MUNICIPAL,2008,213.4049864327037,40.60033031670744,Crítico,,,,,,37.4949314168263,44.28193906514353,16.27539534948755,1.947734168542625,87225,71519,81.99369446832904
9º Ano do Ensino Fundamental,Língua Portuguesa,ESTADUAL,2010,232.2761094636223,45.34680502094411,Crítico,,,,,,24.77417547790771,39.44051537007213,28.91254113857573,6.872768013444436,33048,28562,86.42580488985718
9º Ano do Ensino Fundamental,Língua Portuguesa,MUNICIPAL,2010,220.9575385141192,44.67315702055096,Crítico,,,,,,33.11528162728426,40.69737398412177,22.0216564100155,4.165687978578475,90536,85148,94.04877617743216
9º Ano do Ensino Fundamental,Língua Portuguesa,ESTADUAL,2011,239.064590522253,46.1349026907474,Crítico,,,,,,20.8991246011619,37.834410537511,31.7761596989283,9.49030516239874,29607,24450,82.5818218664505
9º Ano do Ensino Fundamental,Língua Portuguesa,MUNICIPAL,2011,227.427161412236,45.9133918706443,Crítico,,,,,,28.9997536627992,39.4268554469853,25.4090957078665,6.16429518234834,90260,85314,94.52027476179924
9º Ano do Ensino Fundamental,Língua Portuguesa,ESTADUAL,2012,245.7853789550683,44.95441026948218,Crítico,,,,,,16.13330895126634,35.90106976318918,36.57767212215416,11.38794916339033,25730,21874,85.01360279828994
9º Ano do Ensino Fundamental,Língua Portuguesa,MUNICIPAL,2012,235.4046326796044,45.82500333165197,Crítico,,,,,,23.07400597563779,37.98207308664675,31.04228912893588,7.901631808779591,92588,87020,93.98626171858125
9º Ano do Ensino Fundamental,Língua Portuguesa,ESTADUAL,2013,244.5312789276793,46.03525380583921,Crítico,,,,,,17.84391539092908,34.1127519270435,37.07745452025223,10.9658781617749,22062,2488,89.90270570617884
9º Ano do Ensino Fundamental,Língua Portuguesa,MUNICIPAL,2013,241.8053526204301,45.28197316959601,Crítico,,,,,,18.53333180672168,37.66036480430889,33.98703107649546,9.819272312472826,88842,8529,94.55931954445737
9º Ano do Ensino Fundamental,Língua Portuguesa,ESTADUAL,2014,241.115375887884,45.76850710337407,Crítico,,,,,,18.48415021485956,37.96475057607274,33.4931805443109,10.0579186647568,18993,16057,84.54167324803875
9º Ano do Ensino Fundamental,Língua Portuguesa,MUNICIPAL,2014,239.0850401110299,45.71360236753559,Crítico,,,,,,20.47178937308423,38.76062050558851,31.23040524003217,9.53718488129509,87567,85801,97.9832585334658
9º Ano do Ensino Fundamental,Língua Portuguesa,ESTADUAL,2015,242.4497942403965,46.14118582633251,Crítico,,,,,,18.6952102655317,37.91767246855546,31.90191843476052,11.48519883115233,18039,15742,87.26647818615223
9º Ano do Ensino Fundamental,Língua Portuguesa,MUNICIPAL,2015,243.7607426280399,46.18649551541138,Crítico,,,,,,18.24358678067945,37.45782297203606,32.11809567829905,12.18049456898544,87376,86540,99.04321552829153
9º Ano do Ensino Fundamental,Língua Portuguesa,ESTADUAL,2016,249.964473301982,45.2854066950318,Crítico,,,,,,14.25602064220183,34.46100917431193,37.56450688073394,13.71846330275229,17507,13952,79.69383675101388
9º Ano do Ensino Fundamental,Língua Portuguesa,MUNICIPAL,2016,250.2997059004761,46.31090704214338,Intermediário,,,,,,14.72332239447776,34.39063030440195,35.99524725585606,14.89080004526423,90281,88370,97.88327555078034
9º Ano do Ensino Fundamental,Língua Portuguesa,ESTADUAL,2017,244.344809144344,48.2430605843811,Crítico,,,,,,19.4381631588102,34.5886241085406,32.9970429639937,12.9761697686554,12822,11498,89.6739978162533
9º Ano do Ensino Fundamental,Língua Portuguesa,MUNICIPAL,2017,257.08057609489,47.3942238555786,Intermediário,,,,,,12.7887632169534,30.3060415573395,37.4272858211538,19.4779094045532,89862,89563,99.6672675880795
9º Ano do Ensino Fundamental,Língua Portuguesa,ESTADUAL,2018,250.383590244503,49.8089245969139,Intermediário,,,,,,16.4530696936409,31.893079458074,35.0299035762236,16.6239472720615,8826,8193,92.8280081577158
9º Ano do Ensino Fundamental,Língua Portuguesa,MUNICIPAL,2018,261.792319017189,47.2874156116672,Intermediário,,,,,,10.6009709279616,28.4504212934546,38.7165894760337,22.2320183025501,89477,89605,100.143053522134
9º Ano do Ensino Fundamental,Língua Portuguesa,ESTADUAL,2019,245.140422815994,51.823687091164,Crítico,,,,,,21.1304347826087,29.9304347826087,34.0347826086957,14.904347826087,6529,5750,88.068616939807
9º Ano do Ensino Fundamental,Língua Portuguesa,MUNICIPAL,2019,263.595693005574,49.2045960979808,Intermediário,,,,,,11.2447030905701,26.3382111983728,38.0055370359907,24.4115486750664,88058,88495,100.496263826115
9º Ano do Ensino Fundamental,Língua Portuguesa,ESTADUAL,SPAECE DIAGNÓSTICO,251.0,,Intermediário,,,,,,20.0,28.0,31.0,21.0,3610,3011,83.0
9º Ano do Ensino Fundamental,Língua Portuguesa,MUNICIPAL,SPAECE DIAGNÓSTICO,243.0,,Crítico,,,,,,23.0,31.0,30.0,15.0,119231,104697,88.0
9º Ano do Ensino Fundamental,Língua Portuguesa,ESTADUAL,SPAECE FINAL (2022),256.040083939202,53.1575715320627,Intermediário,,,,,,16.3943505954029,26.7515923566879,34.0348933813348,22.8191636665744,4026,3611,89.69200198708396
9º Ano do Ensino Fundamental,Língua Portuguesa,MUNICIPAL,SPAECE FINAL (2022),264.118843175847,51.6346704209463,Intermediário,,,,,,12.4356579097876,25.5166431540016,35.332863080032,26.7148358561787,104611,104908,100.283908957949
9º Ano do Ensino Fundamental,Matemática,ESTADUAL,2008,230.4903555498065,45.05096190802388,Crítico,,,,,,46.81267975095604,36.72134256186593,14.18728864448026,2.278689042697766,41921,31641,75.4776842155483
9º Ano do Ensino Fundamental,Matemática,MUNICIPAL,2008,222.5343532526788,42.99460957032415,Muito Crítico,,,,,,54.17721165005104,33.925250632699,10.64052909017184,1.257008627078119,87225,71519,81.99369446832904
9º Ano do Ensino Fundamental,Matemática,ESTADUAL,2010,238.7334131535755,44.50443414713691,Crítico,,,,,,40.56372549019608,38.45588235294117,17.67857142857143,3.301820728291316,33048,28560,86.41975308641975
9º Ano do Ensino Fundamental,Matemática,MUNICIPAL,2010,231.5968193725246,44.26421985305596,Crítico,,,,,,47.90815607832089,35.58951965065502,13.67093956895337,2.831384702070714,90536,85188,94.09295749757004
9º Ano do Ensino Fundamental,Matemática,ESTADUAL,2011,243.16284717771,43.7062950739362,Crítico,,,,,,34.6682483841937,41.7205268755625,20.2078049578663,3.40341978237749,29607,24450,82.5818218664505
9º Ano do Ensino Fundamental,Matemática,MUNICIPAL,2011,235.928975448479,44.4324720593442,Crítico,,,,,,41.9606095086159,39.3646846297317,15.6236436791047,3.0510621825476,90260,85313,94.5191668513184
9º Ano do Ensino Fundamental,Matemática,ESTADUAL,2012,247.5680827004688,43.71535241160608,Crítico,,,,,,31.63573191917345,41.43275121148395,23.04105330529396,3.890463564048642,25732,21874,85.00699518109747
9º Ano do Ensino Fundamental,Matemática,MUNICIPAL,2012,241.9656494898276,45.01785454496972,Crítico,,,,,,37.54022248781833,39.04914038797462,19.56306886089914,3.847568263307898,92585,87016,93.98498676891504
9º Ano do Ensino Fundamental,Matemática,ESTADUAL,2013,245.1216836692695,45.25255967508754,Crítico,,,,,,32.78761404165057,42.3947803380229,20.6878174531568,4.129788167170397,22062,2488,89.90270570617884
9º Ano do Ensino Fundamental,Matemática,MUNICIPAL,2013,245.4534037179347,47.1696134251217,Crítico,,,,,,35.96474456830097,37.65129834778273,20.62782937890028,5.756127705014773,88842,8529,94.55931954445737
9º Ano do Ensino Fundamental,Matemática,ESTADUAL,2014,239.1574361091748,45.08422799310808,Crítico,,,,,,39.01482127288579,38.88404533565824,19.11196911196912,2.98916427948686,18993,16058,84.54693834570631
9º Ano do Ensino Fundamental,Matemática,MUNICIPAL,2014,241.6367187757685,47.53014121691989,Crítico,,,,,,38.45382813319502,37.25218242636861,19.52703411461672,4.766955325819648,87567,85799,97.98097456804504
9º Ano do Ensino Fundamental,Matemática,ESTADUAL,2015,240.4472845928522,42.29620714936175,Crítico,,,,,,37.3721329182286,41.78791536946439,17.96810470805007,2.871847004256941,18039,15739,87.24984755252508
9º Ano do Ensino Fundamental,Matemática,MUNICIPAL,2015,247.2710696960309,47.32929530849489,Crítico,,,,,,34.09673915555453,39.46869727993344,19.93020729819047,6.504356266321555,87376,86542,99.0455044863578
9º Ano do Ensino Fundamental,Matemática,ESTADUAL,2016,246.1361611462602,42.47161989290783,Crítico,,,,,,32.21991255107161,42.56325711418536,21.90523976775858,3.311590566984445,17507,13951,79.68812475009996
9º Ano do Ensino Fundamental,Matemática,MUNICIPAL,2016,252.8478031709166,47.90330948091764,Crítico,,,,,,29.94681452981781,38.63980989023424,23.66074459658255,7.752630983365395,90281,88370,97.88327555078034
9º Ano do Ensino Fundamental,Matemática,ESTADUAL,2017,236.980678484194,44.3036957969717,Crítico,,,,,,43.6472736759718,35.6204887381511,17.5841377511088,3.14809983476824,12822,11499,89.6817969115583
9º Ano do Ensino Fundamental,Matemática,MUNICIPAL,2017,254.785383051226,51.3715678669299,Crítico,,,,,,31.8528443030202,34.6697928878468,23.1306872104058,10.3466755987272,89862,89565,99.6694932229418
9º Ano do Ensino Fundamental,Matemática,ESTADUAL,2018,241.416267647821,46.8844089771421,Crítico,,,,,,41.1793431815407,36.0273470882676,17.6901477231107,5.10316200708094,8826,8191,92.8053478359393
9º Ano do Ensino Fundamental,Matemática,MUNICIPAL,2018,261.663054500076,53.4305626722831,Crítico,,,,,,27.7878831839841,34.0638984053297,24.8027585899053,13.3454598207809,89477,89611,100.149759155984
9º Ano do Ensino Fundamental,Matemática,ESTADUAL,2019,238.544565124611,46.9898453977328,Crítico,,,,,,42.6682901374152,36.9803444077231,15.2896155853192,5.06174986954253,6529,5749,88.0533006586001
9º Ano do Ensino Fundamental,Matemática,MUNICIPAL,2019,263.400898511143,54.7836604449051,Crítico,,,,,,27.3613794817903,33.9853328361413,23.6188797360362,15.0344079460321,88058,88497,100.49853505644
9º Ano do Ensino Fundamental,Matemática,ESTADUAL,SPAECE DIAGNÓSTICO,247.0,,Crítico,,,,,,37.0,37.0,20.0,7.0,3610,3009,83.0
9º Ano do Ensino Fundamental,Matemática,MUNICIPAL,SPAECE DIAGNÓSTICO,243.0,,Crítico,,,,,,39.0,37.0,20.0,4.0,119231,104685,88.0
9º Ano do Ensino Fundamental,Matemática,ESTADUAL,SPAECE FINAL (2022),245.245356501433,52.8405754723871,Crítico,,,,,,39.7783933518006,33.4072022160665,17.9778393351801,8.83656509695291,4026,3610,89.66716343765523
9º Ano do Ensino Fundamental,Matemática,MUNICIPAL,SPAECE FINAL (2022),260.526198356172,56.7606958060278,Crítico,,,,,,29.9210797209196,31.6291128140608,24.0640131152541,14.3857943497655,104611,104916,100.2915563372877
3ª Série do Ensino Médio,Língua Portuguesa,ESTADUAL,2008,235.4,45.7,Crítico,,,,,,42.8,36.8,17.6,2.8,92651,66163,71.4
3ª Série do Ensino Médio,Língua Portuguesa,ESTADUAL,2009,251.6,46.2,Crítico,,,,,,29.9,38.6,25.7,5.9,95326,74323,78.0
3ª Série do Ensino Médio,Língua Portuguesa,ESTADUAL,2010,260.9,45.7,Crítico,,,,,,22.5,37.9,31.8,7.8,95697,82453,86.2
3ª Série do Ensino Médio,Língua Portuguesa,ESTADUAL,2011,260.4,46.9,Crítico,,,,,,24.4,36.1,30.9,8.6,98569,82549,83.7
3ª Série do Ensino Médio,Língua Portuguesa,ESTADUAL,2012,251.6244551106275,48.06674310527389,Crítico,,,,,,31.18183505824477,35.57803870608437,26.68817004687428,6.551956188796584,101105,86188,85.24603135354334
3ª Série do Ensino Médio,Língua Portuguesa,ESTADUAL,2013,257.6451439998361,47.10426079337599,Crítico,,,,,,25.41699929015899,36.49241007502484,30.95771758248356,7.132873052335979,97820,29120,100.0
3ª Série do Ensino Médio,Língua Portuguesa,ESTADUAL,2014,263.5607021320367,47.38773791471787,Crítico,,,,,,21.56271079298548,35.59931118247182,33.39982099730746,9.43815702723561,97654,31696,92.08276488713192
3ª Série do Ensino Médio,Língua Portuguesa,ESTADUAL,2016,265.8664427277583,46.61995470532939,Crítico,,,,,,19.79179668971715,35.72159672466735,34.34855331153107,10.13805327408443,94554,80114,84.72830340334625
3ª Série do Ensino Médio,Língua Portuguesa,ESTADUAL,2017,272.793676466314,46.2764601480277,Crítico,,,,,,15.9857924502276,33.5877511609729,37.5477033426824,12.8787530461171,92825,86996,93.7204416913547
3ª Série do Ensino Médio,Língua Portuguesa,ESTADUAL,2018,271.633427403525,45.6083198066629,Crítico,,,,,,16.3891303863216,34.9483938563053,36.2558238034731,12.4066519539,94792,89718,94.6472276141447
3ª Série do Ensino Médio,Língua Portuguesa,ESTADUAL,2019,278.618011747431,45.455475786811,Intermediário,,,,,,13.0204244060359,31.5906084300418,39.7657485184508,15.6232186454715,96200,92977,96.6496881496881
3ª Série do Ensino Médio,Língua Portuguesa,ESTADUAL,SPAECE DIAGNÓSTICO,268.20484208,46.97612591,Crítico,,,,,,18.83197174,35.25502318,34.92382425,10.98918083,113640,90580,79.70784935
3ª Série do Ensino Médio,Língua Portuguesa,ESTADUAL,SPAECE FINAL (2022),276.615915609045,47.1108810833021,Intermediário,,,,,,14.5443430324221,31.5082744345177,38.3734274284366,15.5739551046236,98068,93240,95.0768854264388
3ª Série do Ensino Médio,Matemática,ESTADUAL,2008,247.9,46.5,Muito Crítico,,,,,,55.7,30.0,11.7,2.5,92651,66163,71.4
3ª Série do Ensino Médio,Matemática,ESTADUAL,2009,260.4,48.5,Crítico,,,,,,45.3,34.1,16.0,4.7,95326,74323,78.0
3ª Série do Ensino Médio,Matemática,ESTADUAL,2010,260.0,49.8,Crítico,,,,,,46.3,32.8,15.5,5.4,95697,82475,86.2
3ª Série do Ensino Médio,Matemática,ESTADUAL,2011,264.6,52.0,Crítico,,,,,,42.8,32.7,17.8,6.7,98569,82549,83.7
3ª Série do Ensino Médio,Matemática,ESTADUAL,2012,260.7055811852911,53.09561702279913,Crítico,,,,,,47.81292059219381,29.19199888615584,16.43616280688727,6.558917714763076,101105,86188,85.24603135354334
3ª Série do Ensino Médio,Matemática,ESTADUAL,2013,267.7692169756029,54.09758718068091,Crítico,,,,,,39.71663627658123,33.98183844969858,18.42253390227308,7.878991371447361,97820,29124,100.0
3ª Série do Ensino Médio,Matemática,ESTADUAL,2014,266.3460806795366,52.5725025109829,Crítico,,,,,,42.22983987758885,33.61654591701701,16.02808393207362,8.125530273320177,97654,31695,92.08211675344047
3ª Série do Ensino Médio,Matemática,ESTADUAL,2016,265.3529468305097,48.73063903879458,Crítico,,,,,,48.43718793688836,29.55362492510485,14.27751148392251,7.731675654084282,94554,80112,84.7261882099118
3ª Série do Ensino Médio,Matemática,ESTADUAL,2017,269.062350157076,50.8979876633159,Crítico,,,,,,44.9790794979079,31.2083314175364,14.8834429169157,8.92914616763989,92825,86996,93.7204416913547
3ª Série do Ensino Médio,Matemática,ESTADUAL,2018,272.469593395174,52.9412055382814,Crítico,,,,,,41.1067766384307,32.6292911279536,16.0153811859117,10.248551047704,94792,89720,94.6493374968352
3ª Série do Ensino Médio,Matemática,ESTADUAL,2019,274.580384123055,54.5750330938441,Crítico,,,,,,40.8238330823833,31.9713916971392,15.5775435577544,11.6272316627232,96200,92980,96.6528066528067
3ª Série do Ensino Médio,Matemática,ESTADUAL,SPAECE DIAGNÓSTICO,265.5468335,48.0069972,Crítico,,,,,,41.63621308,36.37537952,16.13138283,5.85702457,113640,90575,79.70344949
3ª Série do Ensino Médio,Matemática,ESTADUAL,SPAECE FINAL (2022),274.44005441537,52.918496688269,Crítico,,,,,,35.0784048737585,35.8828324431002,19.7985713366369,9.24019134650449,98068,93236,95.0728066239752
